{
    "loss": 1.2740825414657593,
    "accuracy": 0.8823686242103577
}